,date,humi
0,2021-10-7-16:22:28,46.17
1,2021-10-7-16:32:49,45.63
2,2021-10-7-16:43:10,46.93
3,2021-10-7-16:53:31,47.23
4,2021-10-7-17:3:53,47.5
5,2021-10-7-17:14:14,47.42
6,2021-10-7-17:24:35,47.68
7,2021-10-7-17:34:57,47.97
8,2021-10-7-17:45:18,48.15
9,2021-10-7-17:55:39,48.31
10,2021-10-7-18:6:0,48.06
11,2021-10-7-18:16:22,48.13
12,2021-10-7-18:26:43,48.64
13,2021-10-7-18:37:4,48.9
14,2021-10-7-18:47:26,48.8
15,2021-10-7-18:57:47,48.76
16,2021-10-7-19:8:8,48.57
17,2021-10-7-19:18:29,48.46
18,2021-10-7-19:28:51,48.41
19,2021-10-7-19:39:12,48.96
20,2021-10-7-19:49:33,49.21
21,2021-10-7-19:59:54,49.15
22,2021-10-7-20:10:15,49.21
23,2021-10-7-20:20:37,48.33
24,2021-10-7-20:30:58,49.11
25,2021-10-7-20:41:19,49.81
26,2021-10-7-20:51:41,49.65
27,2021-10-7-21:2:2,49.08
28,2021-10-7-21:12:23,49.08
29,2021-10-7-21:22:45,49.02
30,2021-10-7-21:33:6,49.43
31,2021-10-7-21:43:27,50.2
32,2021-10-7-21:53:48,50.09
33,2021-10-7-22:4:9,49.75
34,2021-10-7-22:14:30,49.55
35,2021-10-7-22:24:52,49.47
36,2021-10-7-22:35:13,49.51
37,2021-10-7-22:45:34,49.3
38,2021-10-7-22:55:55,49.45
39,2021-10-7-23:6:17,49.33
40,2021-10-7-23:16:38,49.44
41,2021-10-7-23:26:59,49.43
42,2021-10-7-23:37:21,49.62
43,2021-10-7-23:47:42,49.57
44,2021-10-7-23:58:3,49.68
45,2021-10-8-0:8:24,49.7
46,2021-10-8-0:18:46,49.75
47,2021-10-8-0:29:7,49.78
48,2021-10-8-0:39:28,49.94
49,2021-10-8-0:49:49,50.18
50,2021-10-8-1:0:11,50.37
51,2021-10-8-1:10:32,50.17
52,2021-10-8-1:20:53,49.96
53,2021-10-8-1:31:14,49.92
54,2021-10-8-1:41:35,49.92
55,2021-10-8-1:51:56,49.99
56,2021-10-8-2:2:18,50.16
57,2021-10-8-2:12:39,50.22
58,2021-10-8-2:23:0,50.43
59,2021-10-8-2:33:21,50.57
60,2021-10-8-2:43:43,50.57
61,2021-10-8-2:54:4,50.47
62,2021-10-8-3:4:25,50.91
63,2021-10-8-3:14:46,51.71
64,2021-10-8-3:25:7,51.34
65,2021-10-8-3:35:29,50.96
66,2021-10-8-3:45:50,50.71
67,2021-10-8-3:56:11,50.45
68,2021-10-8-4:6:32,50.52
69,2021-10-8-4:16:53,50.52
70,2021-10-8-4:27:15,50.55
71,2021-10-8-4:37:36,50.77
72,2021-10-8-4:47:57,50.63
73,2021-10-8-4:58:18,50.71
74,2021-10-8-5:8:40,50.89
75,2021-10-8-5:19:1,50.88
76,2021-10-8-5:29:22,51.09
77,2021-10-8-5:39:43,51.28
78,2021-10-8-5:50:5,51.64
79,2021-10-8-6:0:26,51.35
80,2021-10-8-6:10:47,51.53
81,2021-10-8-6:21:8,51.35
82,2021-10-8-6:31:30,51.31
83,2021-10-8-6:41:51,51.12
84,2021-10-8-6:52:12,51.48
85,2021-10-8-7:2:33,50.22
86,2021-10-8-7:12:55,49.53
87,2021-10-8-7:23:16,49.35
88,2021-10-8-7:33:37,48.9
89,2021-10-8-7:43:58,48.31
90,2021-10-8-7:54:20,47.84
91,2021-10-8-8:4:41,47.57
92,2021-10-8-8:15:2,47.34
93,2021-10-8-8:25:23,47.07
94,2021-10-8-8:35:45,46.92
95,2021-10-8-8:46:6,46.86
96,2021-10-8-8:56:27,46.59
97,2021-10-8-9:6:49,46.4
98,2021-10-8-9:17:10,46.15
99,2021-10-8-9:27:31,45.83
100,2021-10-8-9:37:52,45.93
101,2021-10-8-9:48:14,45.92
102,2021-10-8-9:58:35,46.14
103,2021-10-8-10:8:56,45.43
104,2021-10-8-10:19:17,45.58
105,2021-10-8-10:29:39,45.45
106,2021-10-8-10:40:0,46.46
107,2021-10-8-10:50:21,47.13
108,2021-10-8-11:0:42,47.36
109,2021-10-8-11:11:4,47.51
110,2021-10-8-11:21:25,47.65
111,2021-10-8-11:31:46,47.59
112,2021-10-8-11:42:8,47.72
113,2021-10-8-11:52:29,47.98
114,2021-10-8-12:2:50,47.82
115,2021-10-8-12:13:11,48.12
116,2021-10-8-12:23:33,48.2
117,2021-10-8-12:33:54,48.06
118,2021-10-8-12:44:15,48.71
119,2021-10-8-12:54:36,48.92
120,2021-10-8-13:4:57,48.58
121,2021-10-8-13:15:19,48.68
122,2021-10-8-13:25:40,47.76
123,2021-10-8-13:36:1,47.26
124,2021-10-8-13:46:22,47.88
125,2021-10-8-13:56:44,48.6
126,2021-10-8-14:7:5,49.3
127,2021-10-8-14:17:26,49.49
128,2021-10-8-14:27:47,49.26
129,2021-10-8-14:38:9,48.91
130,2021-10-8-14:48:30,48.96
131,2021-10-8-14:58:51,49.06
132,2021-10-8-15:9:13,49.02
133,2021-10-8-15:19:34,49.39
134,2021-10-8-15:29:55,49.92
135,2021-10-8-15:40:16,49.79
136,2021-10-8-15:50:37,49.45
137,2021-10-8-16:0:59,49.57
138,2021-10-8-16:11:20,49.2
139,2021-10-8-16:21:41,49.08
140,2021-10-8-16:32:2,49.14
141,2021-10-8-16:42:24,49.17
142,2021-10-8-16:52:45,49.71
143,2021-10-8-17:3:6,49.77
144,2021-10-8-17:13:27,49.82
145,2021-10-8-17:23:49,49.76
146,2021-10-8-17:34:10,49.51
147,2021-10-8-17:44:31,49.52
148,2021-10-8-17:54:52,49.38
149,2021-10-8-18:5:14,49.83
150,2021-10-8-18:15:35,50.09
151,2021-10-8-18:25:56,50.15
152,2021-10-8-18:36:18,49.8
153,2021-10-8-18:46:39,49.87
154,2021-10-8-18:57:0,49.59
155,2021-10-8-19:7:21,50.01
156,2021-10-8-19:17:42,50.3
157,2021-10-8-19:28:4,50.17
158,2021-10-8-19:38:25,49.96
159,2021-10-8-19:48:46,49.96
160,2021-10-8-19:59:7,49.99
161,2021-10-8-20:9:29,50.28
162,2021-10-8-20:19:50,50.67
163,2021-10-8-20:30:11,51.72
164,2021-10-8-20:40:32,50.78
165,2021-10-8-20:50:54,50.12
166,2021-10-8-21:1:15,49.95
167,2021-10-8-21:11:36,49.63
168,2021-10-8-21:21:57,49.68
169,2021-10-8-21:32:19,49.68
170,2021-10-8-21:42:40,50.12
171,2021-10-8-21:53:1,49.94
172,2021-10-8-22:3:23,49.96
173,2021-10-8-22:13:44,50.04
174,2021-10-8-22:24:5,50.21
175,2021-10-8-22:34:26,50.37
176,2021-10-8-22:44:48,50.4
177,2021-10-8-22:55:9,50.46
178,2021-10-8-23:5:30,50.53
179,2021-10-8-23:15:51,50.45
180,2021-10-8-23:26:13,50.62
181,2021-10-8-23:36:34,50.47
182,2021-10-8-23:46:55,50.46
183,2021-10-8-23:57:16,50.61
184,2021-10-9-0:7:38,50.7
185,2021-10-9-0:17:59,50.64
186,2021-10-9-0:28:20,50.74
187,2021-10-9-0:38:42,51.36
188,2021-10-9-0:49:3,51.67
189,2021-10-9-0:59:24,51.54
190,2021-10-9-1:9:45,51.4
191,2021-10-9-1:20:6,51.18
192,2021-10-9-1:30:28,50.99
193,2021-10-9-1:40:49,51.31
194,2021-10-9-1:51:10,51.0
195,2021-10-9-2:1:31,51.19
196,2021-10-9-2:11:53,51.08
197,2021-10-9-2:22:14,51.26
198,2021-10-9-2:32:35,51.69
199,2021-10-9-2:42:56,52.39
200,2021-10-9-2:53:17,52.54
201,2021-10-9-3:3:39,51.97
202,2021-10-9-3:14:0,51.67
203,2021-10-9-3:24:21,51.69
204,2021-10-9-3:34:42,51.7
205,2021-10-9-3:45:4,51.55
206,2021-10-9-3:55:25,51.53
207,2021-10-9-4:5:46,51.82
208,2021-10-9-4:16:7,52.23
209,2021-10-9-4:26:29,52.4
210,2021-10-9-4:36:50,52.08
211,2021-10-9-4:47:11,51.91
212,2021-10-9-4:57:32,51.83
213,2021-10-9-5:7:54,51.91
214,2021-10-9-5:18:15,51.89
215,2021-10-9-5:28:36,51.88
216,2021-10-9-5:38:57,51.94
217,2021-10-9-5:49:19,52.28
218,2021-10-9-5:59:40,52.36
219,2021-10-9-6:10:1,52.31
220,2021-10-9-6:20:22,52.17
221,2021-10-9-6:30:44,51.22
222,2021-10-9-6:41:5,50.09
223,2021-10-9-6:51:26,49.69
224,2021-10-9-7:1:47,49.47
225,2021-10-9-7:12:9,49.31
226,2021-10-9-7:22:30,48.94
227,2021-10-9-7:32:51,48.43
228,2021-10-9-7:43:12,48.11
229,2021-10-9-7:53:33,47.69
230,2021-10-9-8:3:55,47.29
231,2021-10-9-8:14:16,47.06
232,2021-10-9-8:24:37,46.98
233,2021-10-9-8:34:59,46.63
234,2021-10-9-8:45:20,46.49
235,2021-10-9-8:55:41,46.18
236,2021-10-9-9:6:3,46.07
237,2021-10-9-9:16:24,46.12
238,2021-10-9-9:26:45,45.86
239,2021-10-9-9:37:6,45.72
240,2021-10-9-9:47:27,45.33
241,2021-10-9-9:57:49,45.25
242,2021-10-9-10:8:10,45.05
243,2021-10-9-10:18:31,45.1
244,2021-10-9-10:28:52,45.16
245,2021-10-9-10:39:13,44.84
246,2021-10-9-10:49:35,44.73
247,2021-10-9-10:59:56,44.64
248,2021-10-9-11:10:17,45.73
249,2021-10-9-11:20:38,46.27
250,2021-10-9-11:31:0,46.24
251,2021-10-9-11:41:21,46.55
252,2021-10-9-11:51:42,46.6
253,2021-10-9-12:2:4,47.06
254,2021-10-9-12:12:25,47.59
255,2021-10-9-12:22:46,47.78
256,2021-10-9-12:33:7,47.76
257,2021-10-9-12:43:28,47.59
258,2021-10-9-12:53:50,47.51
259,2021-10-9-13:4:11,47.64
260,2021-10-9-13:14:32,48.05
261,2021-10-9-13:24:53,48.49
262,2021-10-9-13:35:14,48.62
263,2021-10-9-13:45:36,48.49
264,2021-10-9-13:55:57,48.43
265,2021-10-9-14:6:18,48.42
266,2021-10-9-14:16:39,48.4
267,2021-10-9-14:27:0,48.92
268,2021-10-9-14:37:21,48.95
269,2021-10-9-14:47:43,48.64
270,2021-10-9-14:58:4,48.67
271,2021-10-9-15:8:25,48.51
272,2021-10-9-15:18:46,48.83
273,2021-10-9-15:29:8,49.1
274,2021-10-9-15:39:29,48.94
275,2021-10-9-15:49:50,49.22
276,2021-10-9-16:0:11,48.88
277,2021-10-9-16:10:33,48.88
278,2021-10-9-16:20:54,49.34
279,2021-10-9-16:31:15,49.58
280,2021-10-9-16:41:37,49.54
281,2021-10-9-16:51:58,49.48
282,2021-10-9-17:2:19,49.26
283,2021-10-9-17:12:40,49.09
284,2021-10-9-17:23:2,49.63
285,2021-10-9-17:33:23,49.75
286,2021-10-9-17:43:44,49.66
287,2021-10-9-17:54:5,49.57
288,2021-10-9-18:4:27,49.78
289,2021-10-9-18:14:48,49.57
290,2021-10-9-18:25:9,49.65
291,2021-10-9-18:35:30,49.9
292,2021-10-9-18:45:52,49.56
293,2021-10-9-18:56:13,49.34
294,2021-10-9-19:6:34,49.15
295,2021-10-9-19:16:55,49.38
296,2021-10-9-19:27:17,49.51
297,2021-10-9-19:37:38,49.88
298,2021-10-9-19:47:59,49.81
299,2021-10-9-19:58:20,49.76
300,2021-10-9-20:8:41,49.88
301,2021-10-9-20:19:3,49.91
302,2021-10-9-20:29:24,49.8
303,2021-10-9-20:39:45,49.78
304,2021-10-9-20:50:7,49.96
305,2021-10-9-21:0:28,50.15
306,2021-10-9-21:10:49,50.14
307,2021-10-9-21:21:10,50.12
308,2021-10-9-21:31:31,50.11
309,2021-10-9-21:41:53,50.16
310,2021-10-9-21:52:14,49.99
311,2021-10-9-22:2:35,50.43
312,2021-10-9-22:12:56,50.31
313,2021-10-9-22:23:18,50.38
314,2021-10-9-22:33:39,50.33
315,2021-10-9-22:44:0,50.13
316,2021-10-9-22:54:21,50.14
317,2021-10-9-23:4:43,50.14
318,2021-10-9-23:15:4,50.22
319,2021-10-9-23:25:25,50.55
320,2021-10-9-23:35:46,50.57
321,2021-10-9-23:46:8,50.8
322,2021-10-9-23:56:29,50.84
323,2021-10-10-0:6:50,50.96
324,2021-10-10-0:17:11,51.07
325,2021-10-10-0:27:33,51.04
326,2021-10-10-0:37:54,51.02
327,2021-10-10-0:48:15,51.12
328,2021-10-10-0:58:36,51.31
329,2021-10-10-1:8:58,51.46
330,2021-10-10-1:19:19,51.31
331,2021-10-10-1:29:40,51.21
332,2021-10-10-1:40:1,51.27
333,2021-10-10-1:50:22,51.37
334,2021-10-10-2:0:44,51.35
335,2021-10-10-2:11:5,51.22
336,2021-10-10-2:21:26,51.36
337,2021-10-10-2:31:47,51.72
338,2021-10-10-2:42:9,52.32
339,2021-10-10-2:52:30,52.46
340,2021-10-10-3:2:51,52.08
341,2021-10-10-3:13:12,52.04
342,2021-10-10-3:23:33,51.79
343,2021-10-10-3:33:55,51.78
344,2021-10-10-3:44:16,51.68
345,2021-10-10-3:54:37,51.66
346,2021-10-10-4:4:58,51.53
347,2021-10-10-4:15:20,51.88
348,2021-10-10-4:25:41,52.18
349,2021-10-10-4:36:2,52.07
350,2021-10-10-4:46:23,51.94
351,2021-10-10-4:56:45,51.92
352,2021-10-10-5:7:6,51.92
353,2021-10-10-5:17:27,51.88
354,2021-10-10-5:27:48,51.83
355,2021-10-10-5:38:10,51.83
356,2021-10-10-5:48:31,52.08
357,2021-10-10-5:58:52,52.23
358,2021-10-10-6:9:13,52.05
359,2021-10-10-6:19:35,51.95
360,2021-10-10-6:29:56,51.0
361,2021-10-10-6:40:17,50.12
362,2021-10-10-6:50:38,49.71
363,2021-10-10-7:1:0,49.38
364,2021-10-10-7:11:21,49.28
365,2021-10-10-7:21:42,48.82
366,2021-10-10-7:32:3,48.31
367,2021-10-10-7:42:25,47.79
368,2021-10-10-7:52:46,47.5
369,2021-10-10-8:3:7,47.35
370,2021-10-10-8:13:28,47.11
371,2021-10-10-8:23:49,46.98
372,2021-10-10-8:34:11,46.85
373,2021-10-10-8:44:32,46.54
374,2021-10-10-8:54:53,46.3
375,2021-10-10-9:5:14,46.27
376,2021-10-10-9:15:36,46.06
377,2021-10-10-9:25:57,45.88
378,2021-10-10-9:36:18,45.66
379,2021-10-10-9:46:39,45.38
380,2021-10-10-9:57:1,45.34
381,2021-10-10-10:7:22,45.27
382,2021-10-10-10:17:43,45.03
383,2021-10-10-10:28:4,44.96
384,2021-10-10-10:38:26,44.7
385,2021-10-10-10:48:47,44.69
386,2021-10-10-10:59:8,44.41
387,2021-10-10-11:9:29,44.51
388,2021-10-10-11:19:51,45.7
389,2021-10-10-11:30:12,45.89
390,2021-10-10-11:40:33,45.93
391,2021-10-10-11:50:54,46.18
392,2021-10-10-12:1:16,46.55
393,2021-10-10-12:11:37,46.77
394,2021-10-10-12:21:58,47.22
395,2021-10-10-12:32:20,48.19
396,2021-10-10-12:42:41,48.01
397,2021-10-10-12:53:2,47.78
398,2021-10-10-13:3:23,48.0
399,2021-10-10-13:13:45,48.05
400,2021-10-10-13:24:6,48.44
401,2021-10-10-13:34:27,49.08
402,2021-10-10-13:44:48,48.84
403,2021-10-10-13:55:9,48.45
404,2021-10-10-14:5:31,48.4
405,2021-10-10-14:15:52,48.65
406,2021-10-10-14:26:13,49.09
407,2021-10-10-14:36:34,49.28
408,2021-10-10-14:46:55,49.27
409,2021-10-10-14:57:16,49.17
410,2021-10-10-15:7:38,48.94
411,2021-10-10-15:17:59,49.16
412,2021-10-10-15:28:20,49.72
413,2021-10-10-15:38:42,49.59
414,2021-10-10-15:49:3,49.4
415,2021-10-10-15:59:24,49.51
416,2021-10-10-16:9:45,49.51
417,2021-10-10-16:20:6,49.44
418,2021-10-10-16:30:27,49.38
419,2021-10-10-16:40:49,49.88
420,2021-10-10-16:51:10,49.88
421,2021-10-10-17:1:31,49.9
422,2021-10-10-17:11:53,49.78
423,2021-10-10-17:22:14,49.68
424,2021-10-10-17:32:35,49.65
425,2021-10-10-17:42:57,49.64
426,2021-10-10-17:53:18,50.17
427,2021-10-10-18:3:39,50.57
428,2021-10-10-18:14:0,49.51
429,2021-10-10-18:24:21,49.28
430,2021-10-10-18:34:43,49.17
431,2021-10-10-18:45:4,49.59
432,2021-10-10-18:55:25,50.47
433,2021-10-10-19:5:46,50.67
434,2021-10-10-19:16:8,50.2
435,2021-10-10-19:26:29,49.96
436,2021-10-10-19:36:50,49.99
437,2021-10-10-19:47:11,49.91
438,2021-10-10-19:57:33,49.85
439,2021-10-10-20:7:54,49.94
440,2021-10-10-20:18:15,49.9
441,2021-10-10-20:28:36,49.99
442,2021-10-10-20:38:58,50.05
443,2021-10-10-20:49:19,50.08
444,2021-10-10-20:59:40,50.02
445,2021-10-10-21:10:1,50.31
446,2021-10-10-21:20:22,50.2
447,2021-10-10-21:30:44,50.26
448,2021-10-10-21:41:5,50.31
449,2021-10-10-21:51:26,50.4
450,2021-10-10-22:1:47,50.49
451,2021-10-10-22:12:9,50.46
452,2021-10-10-22:22:30,50.53
453,2021-10-10-22:32:51,50.51
454,2021-10-10-22:43:12,50.51
455,2021-10-10-22:53:33,50.65
456,2021-10-10-23:3:55,50.85
457,2021-10-10-23:14:16,51.48
458,2021-10-10-23:24:37,51.98
459,2021-10-10-23:34:58,52.37
460,2021-10-10-23:45:20,51.85
461,2021-10-10-23:55:41,51.65
462,2021-10-11-0:6:2,51.59
463,2021-10-11-0:16:24,51.41
464,2021-10-11-0:26:45,51.36
465,2021-10-11-0:37:6,51.26
466,2021-10-11-0:47:27,51.1
467,2021-10-11-0:57:49,51.28
468,2021-10-11-1:8:10,51.74
469,2021-10-11-1:18:31,52.11
470,2021-10-11-1:28:53,52.02
471,2021-10-11-1:39:14,51.91
472,2021-10-11-1:49:35,51.76
473,2021-10-11-1:59:56,51.6
474,2021-10-11-2:10:18,51.68
475,2021-10-11-2:20:39,51.55
476,2021-10-11-2:31:0,51.91
477,2021-10-11-2:41:21,52.75
478,2021-10-11-2:51:43,53.43
479,2021-10-11-3:2:4,53.91
480,2021-10-11-3:12:25,53.0
481,2021-10-11-3:22:46,52.65
482,2021-10-11-3:33:7,52.38
483,2021-10-11-3:43:29,52.28
484,2021-10-11-3:53:50,52.26
485,2021-10-11-4:4:11,52.34
486,2021-10-11-4:14:33,52.38
487,2021-10-11-4:24:54,52.36
488,2021-10-11-4:35:15,52.22
489,2021-10-11-4:45:36,52.25
490,2021-10-11-4:55:58,52.2
491,2021-10-11-5:6:19,52.91
492,2021-10-11-5:16:40,53.67
493,2021-10-11-5:27:1,54.25
494,2021-10-11-5:37:22,54.21
495,2021-10-11-5:47:44,53.11
496,2021-10-11-5:58:5,52.63
497,2021-10-11-6:8:26,52.68
498,2021-10-11-6:18:48,52.33
499,2021-10-11-6:29:9,51.05
500,2021-10-11-6:39:30,50.64
501,2021-10-11-6:49:51,49.96
502,2021-10-11-7:0:13,49.6
503,2021-10-11-7:10:34,49.32
504,2021-10-11-7:20:55,49.14
505,2021-10-11-7:31:16,48.67
506,2021-10-11-7:41:38,48.22
507,2021-10-11-7:51:59,48.02
508,2021-10-11-8:2:20,47.73
509,2021-10-11-8:12:41,47.58
510,2021-10-11-8:23:2,47.24
511,2021-10-11-8:33:24,47.09
512,2021-10-11-8:43:45,46.69
513,2021-10-11-8:54:6,46.36
514,2021-10-11-9:4:27,46.14
515,2021-10-11-9:14:49,46.02
516,2021-10-11-9:25:10,45.81
517,2021-10-11-9:35:31,45.75
518,2021-10-11-9:45:52,45.59
519,2021-10-11-9:56:13,45.25
520,2021-10-11-10:6:35,45.12
521,2021-10-11-10:16:56,44.75
522,2021-10-11-10:27:17,44.62
523,2021-10-11-10:37:38,44.74
524,2021-10-11-10:48:0,44.66
525,2021-10-11-10:58:21,44.46
526,2021-10-11-11:8:42,44.37
527,2021-10-11-11:19:3,43.6
528,2021-10-11-11:29:24,44.71
529,2021-10-11-11:39:46,45.46
530,2021-10-11-11:50:7,45.71
531,2021-10-11-12:0:28,46.54
532,2021-10-11-12:10:50,46.89
533,2021-10-11-12:21:11,47.15
534,2021-10-11-12:31:32,47.96
535,2021-10-11-12:41:52,48.02
536,2021-10-11-12:52:13,48.03
537,2021-10-11-13:2:34,47.79
538,2021-10-11-13:12:55,48.06
539,2021-10-11-13:23:16,48.1
540,2021-10-11-13:33:36,48.48
541,2021-10-11-13:43:57,48.27
542,2021-10-11-13:54:18,48.35
543,2021-10-11-14:4:38,48.51
544,2021-10-11-14:14:58,48.32
545,2021-10-11-14:25:18,48.56
546,2021-10-11-14:35:38,48.44
547,2021-10-11-14:45:58,48.48
548,2021-10-11-14:56:18,48.46
549,2021-10-11-15:6:38,48.25
550,2021-10-11-15:16:59,48.41
551,2021-10-11-15:27:20,48.52
552,2021-10-11-15:37:41,48.57
553,2021-10-11-15:48:2,48.64
554,2021-10-11-15:58:23,49.13
555,2021-10-11-16:8:44,49.27
556,2021-10-11-16:19:5,49.11
557,2021-10-11-16:29:26,49.06
558,2021-10-11-16:39:47,49.01
559,2021-10-11-16:50:8,49.12
560,2021-10-11-17:0:29,49.49
561,2021-10-11-17:10:50,49.28
562,2021-10-11-17:21:12,49.31
563,2021-10-11-17:31:33,49.46
564,2021-10-11-17:41:54,49.31
565,2021-10-11-17:52:15,49.3
566,2021-10-11-18:2:36,49.97
567,2021-10-11-18:12:57,49.84
568,2021-10-11-18:23:19,49.85
569,2021-10-11-18:33:40,49.46
570,2021-10-11-18:44:1,49.51
571,2021-10-11-18:54:22,50.02
572,2021-10-11-19:4:44,50.33
573,2021-10-11-19:15:5,50.02
574,2021-10-11-19:25:26,50.06
575,2021-10-11-19:35:47,49.87
576,2021-10-11-19:46:8,49.92
577,2021-10-11-19:56:30,50.52
578,2021-10-11-20:6:51,50.93
579,2021-10-11-20:17:12,49.83
580,2021-10-11-20:27:33,49.54
581,2021-10-11-20:37:55,49.46
582,2021-10-11-20:48:16,49.53
583,2021-10-11-20:58:37,49.62
584,2021-10-11-21:8:58,50.28
585,2021-10-11-21:19:20,50.62
586,2021-10-11-21:29:41,50.41
587,2021-10-11-21:40:2,50.14
588,2021-10-11-21:50:23,50.0
589,2021-10-11-22:0:45,49.99
590,2021-10-11-22:11:6,49.8
591,2021-10-11-22:21:27,49.75
592,2021-10-11-22:31:48,50.07
593,2021-10-11-22:42:10,50.21
594,2021-10-11-22:52:31,50.0
595,2021-10-11-23:2:52,50.14
596,2021-10-11-23:13:13,50.17
597,2021-10-11-23:23:34,50.28
598,2021-10-11-23:33:56,50.29
599,2021-10-11-23:44:17,50.4
600,2021-10-11-23:54:38,50.78
601,2021-10-12-0:4:59,50.73
602,2021-10-12-0:15:21,50.83
603,2021-10-12-0:25:42,50.9
604,2021-10-12-0:36:3,50.8
605,2021-10-12-0:46:25,50.74
606,2021-10-12-0:56:46,50.89
607,2021-10-12-1:7:7,51.86
608,2021-10-12-1:17:28,52.42
609,2021-10-12-1:27:49,51.84
610,2021-10-12-1:38:11,51.59
611,2021-10-12-1:48:32,51.25
612,2021-10-12-1:58:53,51.28
613,2021-10-12-2:9:14,51.23
614,2021-10-12-2:19:36,51.19
615,2021-10-12-2:29:57,51.26
616,2021-10-12-2:40:18,52.04
617,2021-10-12-2:50:39,52.73
618,2021-10-12-3:1:1,53.3
619,2021-10-12-3:11:22,52.49
620,2021-10-12-3:21:43,51.82
621,2021-10-12-3:32:4,51.42
622,2021-10-12-3:42:26,51.79
623,2021-10-12-3:52:47,52.45
624,2021-10-12-4:3:8,52.83
625,2021-10-12-4:13:29,52.3
626,2021-10-12-4:23:50,52.2
627,2021-10-12-4:34:12,51.72
628,2021-10-12-4:44:33,51.95
629,2021-10-12-4:54:54,52.69
630,2021-10-12-5:5:15,52.96
631,2021-10-12-5:15:36,52.3
632,2021-10-12-5:25:58,52.11
633,2021-10-12-5:36:19,51.98
634,2021-10-12-5:46:40,52.02
635,2021-10-12-5:57:1,52.1
636,2021-10-12-6:7:23,52.09
637,2021-10-12-6:17:44,52.48
638,2021-10-12-6:28:5,51.99
639,2021-10-12-6:38:26,50.55
640,2021-10-12-6:48:48,49.8
641,2021-10-12-6:59:9,49.53
642,2021-10-12-7:9:30,49.46
643,2021-10-12-7:19:52,49.09
644,2021-10-12-7:30:13,48.6
645,2021-10-12-7:40:34,48.09
646,2021-10-12-7:50:55,47.89
647,2021-10-12-8:1:16,47.62
648,2021-10-12-8:11:38,47.22
649,2021-10-12-8:21:59,47.02
650,2021-10-12-8:32:20,47.02
651,2021-10-12-8:42:41,46.92
652,2021-10-12-8:53:3,46.5
653,2021-10-12-9:3:24,46.21
654,2021-10-12-9:13:45,46.05
655,2021-10-12-9:24:6,46.08
656,2021-10-12-9:34:27,45.98
657,2021-10-12-9:44:49,45.3
658,2021-10-12-9:55:9,45.53
659,2021-10-12-10:5:30,45.11
660,2021-10-12-10:15:51,45.01
661,2021-10-12-10:26:11,44.62
662,2021-10-12-10:36:32,45.05
663,2021-10-12-10:46:52,44.01
664,2021-10-12-10:57:12,44.7
665,2021-10-12-11:7:32,45.15
666,2021-10-12-11:17:52,45.68
667,2021-10-12-11:28:13,46.26
668,2021-10-12-11:38:34,46.29
669,2021-10-12-11:48:55,45.97
670,2021-10-12-11:59:17,45.97
671,2021-10-12-12:9:38,45.96
672,2021-10-12-12:19:59,46.0
673,2021-10-12-12:30:21,46.58
674,2021-10-12-12:40:42,47.24
675,2021-10-12-12:51:3,47.16
676,2021-10-12-13:1:25,46.88
677,2021-10-12-13:11:46,47.05
678,2021-10-12-13:22:7,47.2
679,2021-10-12-13:32:29,47.14
680,2021-10-12-13:42:50,47.09
681,2021-10-12-13:53:11,46.86
682,2021-10-12-14:3:33,46.94
683,2021-10-12-14:13:54,46.99
684,2021-10-12-14:24:16,47.55
685,2021-10-12-14:34:37,47.33
686,2021-10-12-14:44:58,47.36
687,2021-10-12-14:55:20,47.48
688,2021-10-12-15:5:41,47.34
689,2021-10-12-15:16:3,47.51
690,2021-10-12-15:26:24,47.96
691,2021-10-12-15:36:45,48.01
692,2021-10-12-15:47:7,47.63
693,2021-10-12-15:57:28,47.51
694,2021-10-12-16:7:49,47.36
695,2021-10-12-16:18:11,47.51
696,2021-10-12-16:28:32,48.26
697,2021-10-12-16:38:54,48.4
698,2021-10-12-16:49:15,48.43
699,2021-10-12-16:59:36,48.21
700,2021-10-12-17:9:58,48.09
701,2021-10-12-17:20:19,48.78
702,2021-10-12-17:30:41,49.03
703,2021-10-12-17:41:2,49.03
704,2021-10-12-17:51:24,48.96
705,2021-10-12-18:1:45,48.62
706,2021-10-12-18:12:6,48.78
707,2021-10-12-18:22:28,49.17
708,2021-10-12-18:32:49,49.54
709,2021-10-12-18:43:10,49.3
710,2021-10-12-18:53:32,49.2
711,2021-10-12-19:3:53,48.85
712,2021-10-12-19:14:14,48.98
713,2021-10-12-19:24:35,49.72
714,2021-10-12-19:34:57,49.88
715,2021-10-12-19:45:18,49.68
716,2021-10-12-19:55:40,49.48
717,2021-10-12-20:6:1,49.97
718,2021-10-12-20:16:23,49.23
719,2021-10-12-20:26:44,49.54
720,2021-10-12-20:37:5,49.72
721,2021-10-12-20:47:27,49.62
722,2021-10-12-20:57:48,49.56
723,2021-10-12-21:8:10,49.42
724,2021-10-12-21:18:31,49.31
725,2021-10-12-21:28:52,49.4
726,2021-10-12-21:39:14,49.47
727,2021-10-12-21:49:35,49.62
728,2021-10-12-21:59:56,49.62
729,2021-10-12-22:10:18,49.74
730,2021-10-12-22:20:39,49.53
731,2021-10-12-22:31:1,49.75
732,2021-10-12-22:41:22,49.9
733,2021-10-12-22:51:44,49.76
734,2021-10-12-23:2:5,50.33
735,2021-10-12-23:12:26,50.02
736,2021-10-12-23:22:48,49.88
737,2021-10-12-23:33:9,49.83
738,2021-10-12-23:43:30,49.94
739,2021-10-12-23:53:52,50.24
740,2021-10-13-0:4:13,50.02
741,2021-10-13-0:14:34,50.35
742,2021-10-13-0:24:56,50.18
743,2021-10-13-0:35:17,50.46
744,2021-10-13-0:45:39,50.66
745,2021-10-13-0:56:0,50.74
746,2021-10-13-1:6:22,50.77
747,2021-10-13-1:16:43,50.91
748,2021-10-13-1:27:4,51.13
749,2021-10-13-1:37:26,50.83
750,2021-10-13-1:47:47,50.95
751,2021-10-13-1:58:8,50.92
752,2021-10-13-2:8:30,50.96
753,2021-10-13-2:18:51,51.17
754,2021-10-13-2:29:13,51.23
755,2021-10-13-2:39:34,51.36
756,2021-10-13-2:49:56,51.32
757,2021-10-13-3:0:17,51.33
758,2021-10-13-3:10:38,51.38
759,2021-10-13-3:21:0,51.46
760,2021-10-13-3:31:21,51.54
761,2021-10-13-3:41:43,51.4
762,2021-10-13-3:52:4,51.5
763,2021-10-13-4:2:25,51.81
764,2021-10-13-4:12:47,52.51
765,2021-10-13-4:23:8,52.68
766,2021-10-13-4:33:30,52.07
767,2021-10-13-4:43:51,51.95
768,2021-10-13-4:54:12,51.78
769,2021-10-13-5:4:34,51.61
770,2021-10-13-5:14:55,51.65
771,2021-10-13-5:25:17,51.48
772,2021-10-13-5:35:38,51.62
773,2021-10-13-5:45:59,52.05
774,2021-10-13-5:56:21,52.24
775,2021-10-13-6:6:42,52.41
776,2021-10-13-6:17:4,52.07
777,2021-10-13-6:27:25,51.51
778,2021-10-13-6:37:46,50.12
779,2021-10-13-6:48:8,49.68
780,2021-10-13-6:58:29,49.39
781,2021-10-13-7:8:50,49.01
782,2021-10-13-7:19:12,48.78
783,2021-10-13-7:29:33,48.07
784,2021-10-13-7:39:55,47.82
785,2021-10-13-7:50:16,47.43
786,2021-10-13-8:0:37,47.16
787,2021-10-13-8:10:59,46.72
788,2021-10-13-8:21:20,46.44
789,2021-10-13-8:31:42,46.41
790,2021-10-13-8:42:3,46.35
791,2021-10-13-8:52:24,45.89
792,2021-10-13-9:2:46,45.74
793,2021-10-13-9:13:7,45.64
794,2021-10-13-9:23:29,45.27
795,2021-10-13-9:33:50,45.22
796,2021-10-13-9:44:11,45.04
797,2021-10-13-9:54:33,45.15
798,2021-10-13-10:4:54,45.01
799,2021-10-13-10:15:15,44.59
800,2021-10-13-10:25:37,44.7
801,2021-10-13-10:35:58,44.68
802,2021-10-13-10:46:19,44.7
803,2021-10-13-10:56:41,44.83
804,2021-10-13-11:7:2,45.42
805,2021-10-13-11:17:23,45.75
806,2021-10-13-11:27:45,46.0
807,2021-10-13-11:38:6,45.81
808,2021-10-13-11:48:28,46.3
809,2021-10-13-11:58:49,46.54
810,2021-10-13-12:9:10,46.88
811,2021-10-13-12:19:32,47.12
812,2021-10-13-12:29:53,47.29
813,2021-10-13-12:40:15,47.73
814,2021-10-13-12:50:36,48.11
815,2021-10-13-13:0:57,48.6
816,2021-10-13-13:11:19,49.51
817,2021-10-13-13:21:40,49.32
818,2021-10-13-13:32:2,49.0
819,2021-10-13-13:42:23,48.97
820,2021-10-13-13:52:44,48.66
821,2021-10-13-14:3:6,48.67
822,2021-10-13-14:13:27,48.58
823,2021-10-13-14:23:49,48.3
824,2021-10-13-14:34:10,48.66
825,2021-10-13-14:44:31,48.64
826,2021-10-13-14:54:53,48.67
827,2021-10-13-15:5:14,48.73
828,2021-10-13-15:15:36,48.94
829,2021-10-13-15:25:57,49.29
830,2021-10-13-15:36:18,49.39
831,2021-10-13-15:46:40,49.42
832,2021-10-13-15:57:1,49.5
833,2021-10-13-16:7:22,49.56
834,2021-10-13-16:17:43,49.36
835,2021-10-13-16:28:5,49.36
836,2021-10-13-16:38:26,49.13
837,2021-10-13-16:48:48,49.07
838,2021-10-13-16:59:9,49.07
839,2021-10-13-17:9:30,49.12
840,2021-10-13-17:19:51,48.99
841,2021-10-13-17:30:13,49.11
842,2021-10-13-17:40:34,48.91
843,2021-10-13-17:50:56,48.84
844,2021-10-13-18:1:17,49.03
845,2021-10-13-18:11:38,49.17
846,2021-10-13-18:22:0,49.65
847,2021-10-13-18:32:21,50.13
848,2021-10-13-18:42:43,50.67
849,2021-10-13-18:53:4,50.41
850,2021-10-13-19:3:25,50.2
851,2021-10-13-19:13:47,49.8
852,2021-10-13-19:24:8,49.56
853,2021-10-13-19:34:30,49.59
854,2021-10-13-19:44:51,49.9
855,2021-10-13-19:55:12,50.17
856,2021-10-13-20:5:34,50.66
857,2021-10-13-20:15:55,50.75
858,2021-10-13-20:26:17,50.58
859,2021-10-13-20:36:38,50.58
860,2021-10-13-20:46:59,50.16
861,2021-10-13-20:57:21,50.76
862,2021-10-13-21:7:42,50.67
863,2021-10-13-21:18:4,50.07
864,2021-10-13-21:28:25,49.89
865,2021-10-13-21:38:46,49.9
866,2021-10-13-21:49:8,49.88
867,2021-10-13-21:59:29,49.83
868,2021-10-13-22:9:50,50.01
869,2021-10-13-22:20:12,49.89
870,2021-10-13-22:30:33,50.52
871,2021-10-13-22:40:55,50.76
872,2021-10-13-22:51:16,50.44
873,2021-10-13-23:1:38,50.34
874,2021-10-13-23:11:59,50.33
875,2021-10-13-23:22:20,50.26
876,2021-10-13-23:32:42,50.34
877,2021-10-13-23:43:3,50.48
878,2021-10-13-23:53:24,50.57
879,2021-10-14-0:3:46,50.54
880,2021-10-14-0:14:7,50.36
881,2021-10-14-0:24:29,50.3
882,2021-10-14-0:34:50,50.12
883,2021-10-14-0:45:11,50.39
884,2021-10-14-0:55:33,50.65
885,2021-10-14-1:5:54,51.41
886,2021-10-14-1:16:16,51.16
887,2021-10-14-1:26:37,50.75
888,2021-10-14-1:36:58,50.42
889,2021-10-14-1:47:20,50.86
890,2021-10-14-1:57:41,52.22
891,2021-10-14-2:8:2,51.89
892,2021-10-14-2:18:24,52.1
893,2021-10-14-2:28:45,51.67
894,2021-10-14-2:39:6,51.26
895,2021-10-14-2:49:28,51.29
896,2021-10-14-2:59:49,51.4
897,2021-10-14-3:10:10,51.34
898,2021-10-14-3:20:32,51.86
899,2021-10-14-3:30:53,52.5
900,2021-10-14-3:41:15,53.41
901,2021-10-14-3:51:36,53.15
902,2021-10-14-4:1:57,52.13
903,2021-10-14-4:12:19,51.91
904,2021-10-14-4:22:40,51.7
905,2021-10-14-4:33:2,51.76
906,2021-10-14-4:43:23,51.7
907,2021-10-14-4:53:45,52.44
908,2021-10-14-5:4:6,52.88
909,2021-10-14-5:14:27,52.4
910,2021-10-14-5:24:49,52.21
911,2021-10-14-5:35:10,51.95
912,2021-10-14-5:45:32,51.44
913,2021-10-14-5:55:53,51.86
914,2021-10-14-6:6:14,54.28
915,2021-10-14-6:16:36,54.26
916,2021-10-14-6:26:57,54.98
917,2021-10-14-6:37:19,54.0
918,2021-10-14-6:47:40,53.2
919,2021-10-14-6:58:1,53.33
920,2021-10-14-7:8:23,53.36
921,2021-10-14-7:18:44,52.48
922,2021-10-14-7:29:6,51.91
923,2021-10-14-7:39:27,51.82
924,2021-10-14-7:49:49,51.75
925,2021-10-14-8:0:10,51.4
926,2021-10-14-8:10:31,50.84
927,2021-10-14-8:20:53,50.49
928,2021-10-14-8:31:14,49.59
929,2021-10-14-8:41:35,49.05
930,2021-10-14-8:51:57,48.55
931,2021-10-14-9:2:18,48.09
932,2021-10-14-9:12:40,47.64
933,2021-10-14-9:23:1,47.57
934,2021-10-14-9:33:22,47.15
935,2021-10-14-9:43:44,47.15
936,2021-10-14-9:54:5,46.08
937,2021-10-14-10:4:26,46.86
938,2021-10-14-10:14:48,46.55
939,2021-10-14-10:25:9,46.94
940,2021-10-14-10:35:31,47.36
941,2021-10-14-10:45:52,47.69
942,2021-10-14-10:56:13,47.56
943,2021-10-14-11:6:35,47.29
944,2021-10-14-11:16:56,47.32
945,2021-10-14-11:27:17,47.67
946,2021-10-14-11:37:39,47.33
947,2021-10-14-11:48:0,47.11
948,2021-10-14-11:58:21,47.16
949,2021-10-14-12:8:43,47.07
950,2021-10-14-12:19:4,46.88
951,2021-10-14-12:29:26,46.62
952,2021-10-14-12:39:47,47.44
953,2021-10-14-12:50:8,48.19
954,2021-10-14-13:0:30,48.38
955,2021-10-14-13:10:51,48.58
956,2021-10-14-13:21:13,48.75
957,2021-10-14-13:31:34,48.96
958,2021-10-14-13:41:55,48.51
959,2021-10-14-13:52:17,48.76
960,2021-10-14-14:2:38,48.72
961,2021-10-14-14:12:59,48.56
962,2021-10-14-14:23:21,48.89
963,2021-10-14-14:33:42,48.73
964,2021-10-14-14:44:4,48.78
965,2021-10-14-14:54:25,48.88
966,2021-10-14-15:4:46,48.88
967,2021-10-14-15:15:8,48.99
968,2021-10-14-15:25:29,48.86
969,2021-10-14-15:35:51,49.05
970,2021-10-14-15:46:12,48.96
971,2021-10-14-15:56:32,48.83
972,2021-10-14-16:6:53,48.71
973,2021-10-14-16:17:15,48.9
974,2021-10-14-16:27:36,48.84
975,2021-10-14-16:37:57,48.74
976,2021-10-14-16:48:19,49.02
977,2021-10-14-16:58:40,48.77
978,2021-10-14-17:9:2,49.27
979,2021-10-14-17:19:23,49.37
980,2021-10-14-17:29:44,49.56
981,2021-10-14-17:40:6,49.83
982,2021-10-14-17:50:27,49.48
983,2021-10-14-18:0:48,49.21
984,2021-10-14-18:11:10,49.17
985,2021-10-14-18:21:31,49.79
986,2021-10-14-18:31:53,50.01
987,2021-10-14-18:42:14,50.12
988,2021-10-14-18:52:35,49.89
989,2021-10-14-19:2:57,49.71
990,2021-10-14-19:13:18,49.72
991,2021-10-14-19:23:39,50.32
992,2021-10-14-19:34:1,50.53
993,2021-10-14-19:44:22,50.31
994,2021-10-14-19:54:44,50.39
995,2021-10-14-20:5:5,50.09
996,2021-10-14-20:15:26,49.28
997,2021-10-14-20:25:48,49.59
998,2021-10-14-20:36:9,50.25
999,2021-10-14-20:46:30,50.99
1000,2021-10-14-20:56:52,50.37
1001,2021-10-14-21:7:13,49.96
1002,2021-10-14-21:17:35,49.88
1003,2021-10-14-21:27:56,49.67
1004,2021-10-14-21:38:17,49.72
1005,2021-10-14-21:48:39,50.19
1006,2021-10-14-21:59:0,50.76
1007,2021-10-14-22:9:22,50.69
1008,2021-10-14-22:19:43,50.46
1009,2021-10-14-22:30:4,50.48
1010,2021-10-14-22:40:26,50.34
1011,2021-10-14-22:50:47,50.5
1012,2021-10-14-23:1:9,50.38
1013,2021-10-14-23:11:30,50.5
1014,2021-10-14-23:21:51,50.41
1015,2021-10-14-23:32:13,50.33
1016,2021-10-14-23:42:34,50.71
1017,2021-10-14-23:52:56,50.79
1018,2021-10-15-0:3:17,50.67
1019,2021-10-15-0:13:38,50.61
1020,2021-10-15-0:24:0,50.67
1021,2021-10-15-0:34:21,50.61
1022,2021-10-15-0:44:43,50.83
1023,2021-10-15-0:55:4,50.85
1024,2021-10-15-1:5:25,51.24
1025,2021-10-15-1:15:47,51.41
1026,2021-10-15-1:26:8,51.37
1027,2021-10-15-1:36:30,51.3
1028,2021-10-15-1:46:51,51.33
1029,2021-10-15-1:57:12,51.32
1030,2021-10-15-2:7:34,51.31
1031,2021-10-15-2:17:55,51.64
1032,2021-10-15-2:28:17,52.56
1033,2021-10-15-2:38:38,53.1
1034,2021-10-15-2:48:59,53.48
1035,2021-10-15-2:59:21,52.74
1036,2021-10-15-3:9:42,52.09
1037,2021-10-15-3:20:3,52.0
1038,2021-10-15-3:30:25,51.99
1039,2021-10-15-3:40:46,52.87
1040,2021-10-15-3:51:8,52.97
1041,2021-10-15-4:1:29,52.47
1042,2021-10-15-4:11:50,52.3
1043,2021-10-15-4:22:12,51.94
1044,2021-10-15-4:32:33,51.77
1045,2021-10-15-4:42:55,52.12
1046,2021-10-15-4:53:16,52.97
1047,2021-10-15-5:3:37,53.22
1048,2021-10-15-5:13:59,52.79
1049,2021-10-15-5:24:20,52.42
1050,2021-10-15-5:34:41,52.15
1051,2021-10-15-5:45:3,52.07
1052,2021-10-15-5:55:24,52.04
1053,2021-10-15-6:5:46,51.93
1054,2021-10-15-6:16:7,51.88
1055,2021-10-15-6:26:28,51.89
1056,2021-10-15-6:36:50,50.52
1057,2021-10-15-6:47:11,49.94
1058,2021-10-15-6:57:33,49.62
1059,2021-10-15-7:7:54,49.27
1060,2021-10-15-7:18:15,48.99
1061,2021-10-15-7:28:37,48.46
1062,2021-10-15-7:38:58,47.95
1063,2021-10-15-7:49:20,47.49
1064,2021-10-15-7:59:41,47.16
1065,2021-10-15-8:10:2,47.09
1066,2021-10-15-8:20:24,46.54
1067,2021-10-15-8:30:45,46.33
1068,2021-10-15-8:41:6,46.4
1069,2021-10-15-8:51:28,46.2
1070,2021-10-15-9:1:49,46.28
1071,2021-10-15-9:12:10,45.86
1072,2021-10-15-9:22:32,45.67
1073,2021-10-15-9:32:53,45.43
1074,2021-10-15-9:43:15,45.33
1075,2021-10-15-9:53:36,45.31
1076,2021-10-15-10:3:57,45.3
1077,2021-10-15-10:14:19,45.13
1078,2021-10-15-10:24:40,44.8
1079,2021-10-15-10:35:1,44.71
1080,2021-10-15-10:45:23,44.29
1081,2021-10-15-10:55:44,45.92
1082,2021-10-15-11:6:6,46.92
1083,2021-10-15-11:16:27,47.22
1084,2021-10-15-11:26:48,47.34
1085,2021-10-15-11:37:10,47.1
1086,2021-10-15-11:47:31,46.74
1087,2021-10-15-11:57:52,46.99
1088,2021-10-15-12:8:14,47.45
1089,2021-10-15-12:18:35,47.69
1090,2021-10-15-12:28:57,48.4
1091,2021-10-15-12:39:18,48.41
1092,2021-10-15-12:49:39,48.14
1093,2021-10-15-13:0:1,48.36
1094,2021-10-15-13:10:22,48.25
1095,2021-10-15-13:20:44,48.21
1096,2021-10-15-13:31:5,48.33
1097,2021-10-15-13:41:26,48.02
1098,2021-10-15-13:51:48,48.09
1099,2021-10-15-14:2:9,47.88
1100,2021-10-15-14:12:30,48.57
1101,2021-10-15-14:22:52,48.67
1102,2021-10-15-14:33:13,48.62
1103,2021-10-15-14:43:35,48.95
1104,2021-10-15-14:53:56,48.82
1105,2021-10-15-15:4:18,48.95
1106,2021-10-15-15:14:39,48.87
1107,2021-10-15-15:25:0,49.2
1108,2021-10-15-15:35:22,49.38
1109,2021-10-15-15:45:43,49.35
1110,2021-10-15-15:56:4,49.45
1111,2021-10-15-16:6:26,49.25
1112,2021-10-15-16:16:47,49.2
1113,2021-10-15-16:27:8,49.3
1114,2021-10-15-16:37:30,49.7
1115,2021-10-15-16:47:51,49.86
1116,2021-10-15-16:58:13,49.75
1117,2021-10-15-17:8:34,49.67
1118,2021-10-15-17:18:55,49.59
1119,2021-10-15-17:29:17,49.57
1120,2021-10-15-17:39:38,49.97
1121,2021-10-15-17:50:0,50.3
1122,2021-10-15-18:0:21,50.14
1123,2021-10-15-18:10:42,49.62
1124,2021-10-15-18:21:4,49.6
1125,2021-10-15-18:31:25,49.71
1126,2021-10-15-18:41:46,49.48
1127,2021-10-15-18:52:8,50.26
1128,2021-10-15-19:2:29,50.39
1129,2021-10-15-19:12:51,50.19
1130,2021-10-15-19:23:12,50.03
1131,2021-10-15-19:33:33,49.78
1132,2021-10-15-19:43:55,49.7
1133,2021-10-15-19:54:16,49.66
1134,2021-10-15-20:4:38,50.6
1135,2021-10-15-20:14:59,50.34
1136,2021-10-15-20:25:20,51.12
1137,2021-10-15-20:35:42,51.17
1138,2021-10-15-20:46:3,50.81
1139,2021-10-15-20:56:24,50.11
1140,2021-10-15-21:6:46,50.03
1141,2021-10-15-21:17:7,50.51
1142,2021-10-15-21:27:29,51.24
1143,2021-10-15-21:37:50,51.33
1144,2021-10-15-21:48:11,50.85
1145,2021-10-15-21:58:33,50.4
1146,2021-10-15-22:8:54,50.61
1147,2021-10-15-22:19:16,50.31
1148,2021-10-15-22:29:37,50.31
1149,2021-10-15-22:39:58,50.43
1150,2021-10-15-22:50:20,50.41
1151,2021-10-15-23:0:41,50.44
1152,2021-10-15-23:11:2,50.47
1153,2021-10-15-23:21:24,50.55
1154,2021-10-15-23:31:45,50.74
1155,2021-10-15-23:42:7,50.83
1156,2021-10-15-23:52:28,50.97
1157,2021-10-16-0:2:49,50.99
1158,2021-10-16-0:13:11,51.07
1159,2021-10-16-0:23:32,51.08
1160,2021-10-16-0:33:54,51.17
1161,2021-10-16-0:44:15,50.96
1162,2021-10-16-0:54:36,51.09
1163,2021-10-16-1:4:58,51.25
1164,2021-10-16-1:15:19,51.13
1165,2021-10-16-1:25:40,51.24
1166,2021-10-16-1:36:2,51.56
1167,2021-10-16-1:46:23,51.49
1168,2021-10-16-1:56:44,51.5
1169,2021-10-16-2:7:6,51.57
1170,2021-10-16-2:17:27,51.55
1171,2021-10-16-2:27:49,51.46
1172,2021-10-16-2:38:10,51.9
1173,2021-10-16-2:48:31,52.14
1174,2021-10-16-2:58:53,52.16
1175,2021-10-16-3:9:14,51.88
1176,2021-10-16-3:19:35,51.75
1177,2021-10-16-3:29:57,51.72
1178,2021-10-16-3:40:18,51.69
1179,2021-10-16-3:50:39,51.72
1180,2021-10-16-4:1:1,51.53
1181,2021-10-16-4:11:22,51.63
1182,2021-10-16-4:21:44,51.66
1183,2021-10-16-4:32:5,52.03
1184,2021-10-16-4:42:26,52.52
1185,2021-10-16-4:52:48,52.71
1186,2021-10-16-5:3:9,52.5
1187,2021-10-16-5:13:31,52.28
1188,2021-10-16-5:23:52,52.27
1189,2021-10-16-5:34:13,52.21
1190,2021-10-16-5:44:35,52.28
1191,2021-10-16-5:54:56,52.26
1192,2021-10-16-6:5:18,52.25
1193,2021-10-16-6:15:39,52.19
1194,2021-10-16-6:26:0,52.15
1195,2021-10-16-6:36:22,50.67
1196,2021-10-16-6:46:43,49.82
1197,2021-10-16-6:57:4,49.5
1198,2021-10-16-7:7:26,49.37
1199,2021-10-16-7:17:47,49.1
1200,2021-10-16-7:28:9,48.57
1201,2021-10-16-7:38:30,48.15
1202,2021-10-16-7:48:51,47.67
1203,2021-10-16-7:59:13,47.32
1204,2021-10-16-8:9:34,47.19
1205,2021-10-16-8:19:56,46.88
1206,2021-10-16-8:30:17,46.9
1207,2021-10-16-8:40:38,46.52
1208,2021-10-16-8:50:59,46.24
1209,2021-10-16-9:1:21,46.2
1210,2021-10-16-9:11:42,45.8
1211,2021-10-16-9:22:3,45.82
1212,2021-10-16-9:32:25,45.55
1213,2021-10-16-9:42:46,45.58
1214,2021-10-16-9:53:7,45.55
1215,2021-10-16-10:3:29,45.61
1216,2021-10-16-10:13:50,45.45
1217,2021-10-16-10:24:11,45.2
1218,2021-10-16-10:34:32,45.09
1219,2021-10-16-10:44:54,44.72
1220,2021-10-16-10:55:15,44.7
1221,2021-10-16-11:5:36,44.75
1222,2021-10-16-11:15:57,45.89
1223,2021-10-16-11:26:19,46.32
1224,2021-10-16-11:36:40,46.33
1225,2021-10-16-11:47:1,46.5
1226,2021-10-16-11:57:22,46.96
1227,2021-10-16-12:7:44,47.27
1228,2021-10-16-12:18:5,47.19
1229,2021-10-16-12:28:26,47.42
1230,2021-10-16-12:38:47,48.14
1231,2021-10-16-12:49:9,48.67
1232,2021-10-16-12:59:30,48.26
1233,2021-10-16-13:9:51,48.31
1234,2021-10-16-13:20:12,48.3
1235,2021-10-16-13:30:34,48.2
1236,2021-10-16-13:40:55,48.36
1237,2021-10-16-13:51:16,48.56
1238,2021-10-16-14:1:37,48.34
1239,2021-10-16-14:11:59,48.34
1240,2021-10-16-14:22:20,48.65
1241,2021-10-16-14:32:41,48.87
1242,2021-10-16-14:43:2,49.04
1243,2021-10-16-14:53:24,48.9
1244,2021-10-16-15:3:45,48.49
1245,2021-10-16-15:14:6,48.67
1246,2021-10-16-15:24:27,48.49
1247,2021-10-16-15:34:48,48.79
1248,2021-10-16-15:45:10,49.19
1249,2021-10-16-15:55:31,49.3
1250,2021-10-16-16:5:52,49.31
1251,2021-10-16-16:16:13,48.78
1252,2021-10-16-16:26:34,48.94
1253,2021-10-16-16:36:56,49.32
1254,2021-10-16-16:47:17,49.6
1255,2021-10-16-16:57:38,49.41
1256,2021-10-16-17:7:59,49.42
1257,2021-10-16-17:18:21,49.08
1258,2021-10-16-17:28:42,49.32
1259,2021-10-16-17:39:3,49.39
1260,2021-10-16-17:49:24,49.65
1261,2021-10-16-17:59:45,49.73
1262,2021-10-16-18:10:7,49.18
1263,2021-10-16-18:20:28,48.65
1264,2021-10-16-18:30:49,49.0
1265,2021-10-16-18:41:10,49.63
1266,2021-10-16-18:51:32,50.36
1267,2021-10-16-19:1:53,50.92
1268,2021-10-16-19:12:15,50.21
1269,2021-10-16-19:22:36,49.75
1270,2021-10-16-19:32:58,49.76
1271,2021-10-16-19:43:19,49.45
1272,2021-10-16-19:53:40,49.52
1273,2021-10-16-20:4:2,49.95
1274,2021-10-16-20:14:23,50.6
1275,2021-10-16-20:24:45,50.57
1276,2021-10-16-20:35:6,50.22
1277,2021-10-16-20:45:27,50.16
1278,2021-10-16-20:55:49,49.94
1279,2021-10-16-21:6:10,49.92
1280,2021-10-16-21:16:31,49.95
1281,2021-10-16-21:26:53,50.1
1282,2021-10-16-21:37:14,50.11
1283,2021-10-16-21:47:35,50.24
1284,2021-10-16-21:57:57,50.26
1285,2021-10-16-22:8:18,50.1
1286,2021-10-16-22:18:40,50.28
1287,2021-10-16-22:29:1,50.09
1288,2021-10-16-22:39:22,49.89
1289,2021-10-16-22:49:44,49.96
1290,2021-10-16-23:0:5,50.1
1291,2021-10-16-23:10:27,50.0
1292,2021-10-16-23:20:48,50.05
1293,2021-10-16-23:31:9,50.49
1294,2021-10-16-23:41:31,50.3
1295,2021-10-16-23:51:52,50.62
1296,2021-10-17-0:2:14,50.53
1297,2021-10-17-0:12:35,50.32
1298,2021-10-17-0:22:56,50.27
1299,2021-10-17-0:33:18,50.76
1300,2021-10-17-0:43:39,50.69
1301,2021-10-17-0:54:0,50.98
1302,2021-10-17-1:4:22,51.27
1303,2021-10-17-1:14:43,51.23
1304,2021-10-17-1:25:4,50.87
1305,2021-10-17-1:35:26,50.62
1306,2021-10-17-1:45:47,50.67
1307,2021-10-17-1:56:9,51.16
1308,2021-10-17-2:6:30,51.67
1309,2021-10-17-2:16:51,51.54
1310,2021-10-17-2:27:13,51.38
1311,2021-10-17-2:37:34,50.99
1312,2021-10-17-2:47:55,50.92
1313,2021-10-17-2:58:16,51.0
1314,2021-10-17-3:8:38,51.1
1315,2021-10-17-3:18:59,50.83
1316,2021-10-17-3:29:21,50.62
1317,2021-10-17-3:39:42,50.66
1318,2021-10-17-3:50:3,50.42
1319,2021-10-17-4:0:23,50.39
1320,2021-10-17-4:10:44,49.85
1321,2021-10-17-4:21:5,49.37
1322,2021-10-17-4:31:26,48.94
1323,2021-10-17-4:41:47,48.43
1324,2021-10-17-4:52:8,48.26
1325,2021-10-17-5:2:30,48.04
1326,2021-10-17-5:12:51,47.55
1327,2021-10-17-5:23:12,47.52
1328,2021-10-17-5:33:33,47.42
1329,2021-10-17-5:43:55,47.2
1330,2021-10-17-5:54:16,47.01
1331,2021-10-17-6:4:37,47.45
1332,2021-10-17-6:14:59,47.59
1333,2021-10-17-6:25:20,46.93
1334,2021-10-17-6:35:41,46.04
1335,2021-10-17-6:46:3,45.46
1336,2021-10-17-6:56:24,45.04
1337,2021-10-17-7:6:45,44.74
1338,2021-10-17-7:17:7,44.36
1339,2021-10-17-7:27:28,44.01
1340,2021-10-17-7:37:49,43.68
1341,2021-10-17-7:48:11,43.4
1342,2021-10-17-7:58:32,43.21
1343,2021-10-17-8:8:53,43.06
1344,2021-10-17-8:19:14,42.66
1345,2021-10-21-9:49:33,45.94
1346,2021-10-21-9:59:54,45.96
1347,2021-10-21-10:10:15,45.27
1348,2021-10-21-10:20:36,45.36
1349,2021-10-21-10:30:57,44.27
1350,2021-10-21-10:41:18,43.94
1351,2021-10-21-10:51:40,43.91
1352,2021-10-21-11:2:1,44.25
1353,2021-10-21-11:12:22,44.23
1354,2021-10-21-11:22:43,44.35
1355,2021-10-21-11:33:5,45.12
1356,2021-10-21-11:43:26,44.9
1357,2021-10-21-11:53:47,45.18
1358,2021-10-21-12:4:8,43.81
1359,2021-10-21-12:14:30,45.12
1360,2021-10-21-12:24:51,45.1
1361,2021-10-21-12:35:12,46.0
1362,2021-10-21-12:45:33,46.4
1363,2021-10-21-12:55:55,46.76
1364,2021-10-21-13:6:16,46.55
1365,2021-10-21-13:16:37,46.25
1366,2021-10-21-13:26:59,46.31
1367,2021-10-21-13:37:20,46.62
1368,2021-10-21-13:47:41,46.71
1369,2021-10-21-13:58:3,46.78
1370,2021-10-21-14:8:24,47.34
1371,2021-10-21-14:18:45,47.48
1372,2021-10-21-14:29:6,47.61
1373,2021-10-21-14:39:28,48.27
1374,2021-10-21-14:49:49,48.32
1375,2021-10-21-15:0:10,49.02
1376,2021-10-21-15:10:30,47.96
1377,2021-10-21-15:20:51,48.71
1378,2021-10-21-15:31:12,48.37
1379,2021-10-21-15:41:34,48.62
1380,2021-10-21-15:51:55,49.08
1381,2021-10-21-16:2:16,49.82
1382,2021-10-21-16:12:37,50.67
1383,2021-10-21-16:22:58,49.98
1384,2021-10-21-16:33:19,49.95
1385,2021-10-21-16:43:40,49.52
1386,2021-10-21-16:54:1,49.61
1387,2021-10-21-17:4:22,49.17
1388,2021-10-21-17:14:43,49.54
1389,2021-10-21-17:25:4,49.39
1390,2021-10-21-17:35:25,49.82
1391,2021-10-21-17:45:47,50.42
1392,2021-10-21-17:56:8,51.13
1393,2021-10-21-18:6:29,51.21
1394,2021-10-21-18:16:50,50.73
1395,2021-10-21-18:27:12,50.4
1396,2021-10-21-18:37:33,50.16
1397,2021-10-21-18:47:54,50.54
1398,2021-10-21-18:58:15,51.08
1399,2021-10-21-19:8:37,51.16
1400,2021-10-21-19:18:58,50.95
1401,2021-10-21-19:29:19,50.48
1402,2021-10-21-19:39:40,50.42
1403,2021-10-21-19:50:1,50.33
1404,2021-10-21-20:0:23,50.67
1405,2021-10-21-20:10:44,50.88
1406,2021-10-21-20:21:5,50.93
1407,2021-10-21-20:31:26,50.57
1408,2021-10-21-20:41:48,50.45
1409,2021-10-21-20:52:9,50.42
1410,2021-10-21-21:2:30,50.48
1411,2021-10-21-21:12:51,50.4
1412,2021-10-21-21:23:13,50.74
1413,2021-10-21-21:33:34,50.92
1414,2021-10-21-21:43:55,51.7
1415,2021-10-21-21:54:16,52.37
1416,2021-10-21-22:4:37,52.57
1417,2021-10-21-22:14:59,51.88
1418,2021-10-21-22:25:20,51.55
1419,2021-10-21-22:35:41,51.4
1420,2021-10-21-22:46:2,51.36
1421,2021-10-21-22:56:23,51.33
1422,2021-10-21-23:6:45,52.08
1423,2021-10-21-23:17:6,52.7
1424,2021-10-21-23:27:27,52.19
1425,2021-10-21-23:37:48,51.78
1426,2021-10-21-23:48:10,51.77
1427,2021-10-21-23:58:31,51.49
1428,2021-10-22-0:8:52,51.83
1429,2021-10-22-0:19:13,52.32
1430,2021-10-22-0:29:35,52.9
1431,2021-10-22-0:39:56,52.85
1432,2021-10-22-0:50:17,52.58
1433,2021-10-22-1:0:38,52.17
1434,2021-10-22-1:10:59,52.05
1435,2021-10-22-1:21:21,52.05
1436,2021-10-22-1:31:42,52.18
1437,2021-10-22-1:42:3,52.25
1438,2021-10-22-1:52:24,52.23
1439,2021-10-22-2:2:45,52.52
1440,2021-10-22-2:13:7,53.33
1441,2021-10-22-2:23:28,53.67
1442,2021-10-22-2:33:49,53.08
1443,2021-10-22-2:44:10,52.69
1444,2021-10-22-2:54:31,53.32
1445,2021-10-22-3:4:53,53.28
1446,2021-10-22-3:15:14,53.74
1447,2021-10-22-3:25:35,53.8
1448,2021-10-22-3:35:56,53.28
1449,2021-10-22-3:46:17,52.92
1450,2021-10-22-3:56:39,52.68
1451,2021-10-22-4:7:0,52.74
1452,2021-10-22-4:17:21,53.12
1453,2021-10-22-4:27:42,53.6
1454,2021-10-22-4:38:4,54.06
1455,2021-10-22-4:48:25,52.77
1456,2021-10-22-4:58:46,52.46
1457,2021-10-22-5:9:7,53.14
1458,2021-10-22-5:19:29,53.75
1459,2021-10-22-5:29:50,53.59
1460,2021-10-22-5:40:11,53.2
1461,2021-10-22-5:50:32,53.09
1462,2021-10-22-6:0:53,52.96
1463,2021-10-22-6:11:15,53.03
1464,2021-10-22-6:21:36,53.01
1465,2021-10-22-6:31:57,51.76
1466,2021-10-22-6:42:18,50.81
1467,2021-10-22-6:52:40,50.38
1468,2021-10-22-7:3:1,50.01
1469,2021-10-22-7:13:22,49.72
1470,2021-10-22-7:23:43,49.42
1471,2021-10-22-7:34:5,49.0
1472,2021-10-22-7:44:26,48.66
1473,2021-10-22-7:54:47,48.28
1474,2021-10-22-8:5:8,48.04
1475,2021-10-22-8:15:29,48.06
1476,2021-10-22-8:25:51,47.72
1477,2021-10-22-8:36:12,47.48
1478,2021-10-22-8:46:33,47.33
1479,2021-10-22-8:56:54,47.13
1480,2021-10-22-9:7:15,46.85
1481,2021-10-22-9:17:37,46.72
1482,2021-10-22-9:27:58,46.57
1483,2021-10-22-9:38:19,46.59
1484,2021-10-22-9:48:40,46.33
1485,2021-10-22-9:59:1,46.21
1486,2021-10-22-10:9:23,45.91
1487,2021-10-22-10:19:44,45.82
1488,2021-10-22-10:30:5,45.81
1489,2021-10-22-10:40:26,45.75
1490,2021-10-22-10:50:47,45.61
1491,2021-10-22-11:1:8,45.57
1492,2021-10-22-11:11:29,45.64
1493,2021-10-22-11:21:51,45.68
1494,2021-10-22-11:32:12,45.99
1495,2021-10-22-11:42:33,46.38
1496,2021-10-22-11:52:54,46.6
1497,2021-10-22-12:3:15,46.99
1498,2021-10-22-12:13:37,47.21
1499,2021-10-22-12:23:58,48.0
1500,2021-10-22-12:34:19,48.57
1501,2021-10-22-12:44:40,48.75
1502,2021-10-22-12:55:1,48.64
1503,2021-10-22-13:5:23,48.63
1504,2021-10-22-13:15:44,48.96
1505,2021-10-22-13:26:5,49.61
1506,2021-10-22-13:36:26,50.05
1507,2021-10-22-13:46:47,49.82
1508,2021-10-22-13:57:9,49.69
1509,2021-10-22-14:7:30,49.83
1510,2021-10-22-14:17:51,49.95
1511,2021-10-22-14:28:12,50.31
1512,2021-10-22-14:38:33,50.7
1513,2021-10-22-14:48:55,50.19
1514,2021-10-22-14:59:16,49.83
1515,2021-10-22-15:9:37,49.84
1516,2021-10-22-15:19:58,50.37
1517,2021-10-22-15:30:20,50.1
1518,2021-10-22-15:40:41,49.75
1519,2021-10-22-15:51:2,49.5
1520,2021-10-22-16:1:23,49.03
1521,2021-10-22-16:11:44,48.95
1522,2021-10-22-16:22:6,49.09
1523,2021-10-22-16:32:27,49.46
1524,2021-10-22-16:42:48,49.78
1525,2021-10-22-16:53:9,49.78
1526,2021-10-22-17:3:30,49.64
1527,2021-10-22-17:13:52,49.51
1528,2021-10-22-17:24:13,49.74
1529,2021-10-22-17:34:34,50.15
1530,2021-10-22-17:44:55,50.29
1531,2021-10-22-17:55:16,50.72
1532,2021-10-22-18:5:38,51.0
1533,2021-10-22-18:15:59,50.81
1534,2021-10-22-18:26:20,50.64
1535,2021-10-22-18:36:41,50.5
1536,2021-10-22-18:47:3,50.87
1537,2021-10-22-18:57:24,51.41
1538,2021-10-22-19:7:45,51.35
1539,2021-10-22-19:18:6,51.06
1540,2021-10-22-19:28:28,50.68
1541,2021-10-22-19:38:49,50.83
1542,2021-10-22-19:49:10,51.1
1543,2021-10-22-19:59:31,51.66
1544,2021-10-22-20:9:52,50.79
1545,2021-10-22-20:20:14,50.54
1546,2021-10-22-20:30:35,50.44
1547,2021-10-22-20:40:56,50.51
1548,2021-10-22-20:51:17,50.43
1549,2021-10-22-21:1:38,50.7
1550,2021-10-22-21:12:0,50.33
1551,2021-10-22-21:22:21,50.53
1552,2021-10-22-21:32:42,50.5
1553,2021-10-22-21:43:3,50.71
1554,2021-10-22-21:53:24,51.04
1555,2021-10-22-22:3:45,51.2
1556,2021-10-22-22:14:7,51.1
1557,2021-10-22-22:24:28,51.07
1558,2021-10-22-22:34:49,50.99
1559,2021-10-22-22:45:10,50.88
1560,2021-10-22-22:55:31,50.97
1561,2021-10-22-23:5:53,50.83
1562,2021-10-22-23:16:14,51.15
1563,2021-10-22-23:26:35,51.29
1564,2021-10-22-23:36:56,51.57
1565,2021-10-22-23:47:18,51.37
1566,2021-10-22-23:57:39,51.41
1567,2021-10-23-0:8:0,51.4
1568,2021-10-23-0:18:21,51.64
1569,2021-10-23-0:28:42,51.59
1570,2021-10-23-0:39:4,51.71
1571,2021-10-23-0:49:25,51.78
1572,2021-10-23-0:59:46,51.88
1573,2021-10-23-1:10:8,51.91
1574,2021-10-23-1:20:29,52.24
1575,2021-10-23-1:30:50,52.25
1576,2021-10-23-1:41:11,52.14
1577,2021-10-23-1:51:32,52.2
1578,2021-10-23-2:1:54,52.18
1579,2021-10-23-2:12:15,52.18
1580,2021-10-23-2:22:36,52.39
1581,2021-10-23-2:32:57,52.44
1582,2021-10-23-2:43:18,52.41
1583,2021-10-23-2:53:40,52.54
1584,2021-10-23-3:4:1,52.67
1585,2021-10-23-3:14:22,52.9
1586,2021-10-23-3:24:43,53.05
1587,2021-10-23-3:35:5,52.62
1588,2021-10-23-3:45:26,52.51
1589,2021-10-23-3:55:47,52.45
1590,2021-10-23-4:6:8,52.42
1591,2021-10-23-4:16:29,52.92
1592,2021-10-23-4:26:51,53.3
1593,2021-10-23-4:37:12,53.35
1594,2021-10-23-4:47:33,52.97
1595,2021-10-23-4:57:54,52.87
1596,2021-10-23-5:8:15,52.88
1597,2021-10-23-5:18:37,52.82
1598,2021-10-23-5:28:58,52.68
1599,2021-10-23-5:39:19,52.65
1600,2021-10-23-5:49:40,52.83
1601,2021-10-23-6:0:2,53.39
1602,2021-10-23-6:10:23,53.93
1603,2021-10-23-6:20:44,53.25
1604,2021-10-23-6:31:5,51.99
1605,2021-10-23-6:41:26,50.77
1606,2021-10-23-6:51:48,50.29
1607,2021-10-23-7:2:9,50.09
1608,2021-10-23-7:12:30,49.62
1609,2021-10-23-7:22:51,49.27
1610,2021-10-23-7:33:13,48.9
1611,2021-10-23-7:43:34,48.51
1612,2021-10-23-7:53:55,48.25
1613,2021-10-23-8:4:16,48.02
1614,2021-10-23-8:14:37,47.72
1615,2021-10-23-8:24:59,47.55
1616,2021-10-23-8:35:20,47.36
1617,2021-10-23-8:45:41,47.16
1618,2021-10-23-8:56:2,46.99
1619,2021-10-23-9:6:24,46.59
1620,2021-10-23-9:16:45,46.41
1621,2021-10-23-9:27:6,46.37
1622,2021-10-23-9:37:27,46.21
1623,2021-10-23-9:47:48,46.19
1624,2021-10-23-9:58:10,45.9
1625,2021-10-23-10:8:31,45.86
1626,2021-10-23-10:18:52,45.89
1627,2021-10-23-10:29:13,45.86
1628,2021-10-23-10:39:34,45.93
1629,2021-10-23-10:49:56,45.73
1630,2021-10-23-11:0:17,45.57
1631,2021-10-23-11:10:38,45.21
1632,2021-10-23-11:20:59,45.09
1633,2021-10-23-11:31:20,45.54
1634,2021-10-23-11:41:41,46.65
1635,2021-10-23-11:52:3,47.09
1636,2021-10-23-12:2:24,47.09
1637,2021-10-23-12:12:45,47.14
1638,2021-10-23-12:23:6,47.39
1639,2021-10-23-12:33:28,47.52
1640,2021-10-23-12:43:49,48.41
1641,2021-10-23-12:54:10,48.89
1642,2021-10-23-13:4:31,48.71
1643,2021-10-23-13:14:52,48.78
1644,2021-10-23-13:25:14,48.76
1645,2021-10-23-13:35:35,49.24
1646,2021-10-23-13:45:56,49.78
1647,2021-10-23-13:56:17,49.66
1648,2021-10-23-14:6:38,49.5
1649,2021-10-23-14:17:0,49.49
1650,2021-10-23-14:27:21,49.76
1651,2021-10-23-14:37:42,49.91
1652,2021-10-23-14:48:3,50.52
1653,2021-10-23-14:58:24,50.41
1654,2021-10-23-15:8:45,50.33
1655,2021-10-23-15:19:7,50.26
1656,2021-10-23-15:29:28,50.13
1657,2021-10-23-15:39:49,50.25
1658,2021-10-23-15:50:10,50.38
1659,2021-10-23-16:0:32,50.76
1660,2021-10-23-16:10:53,50.67
1661,2021-10-23-16:21:14,50.07
1662,2021-10-23-16:31:35,49.9
1663,2021-10-23-16:41:57,50.35
1664,2021-10-23-16:52:18,50.67
1665,2021-10-23-17:2:39,51.07
1666,2021-10-23-17:13:0,50.71
1667,2021-10-23-17:23:21,50.64
1668,2021-10-23-17:33:42,50.45
1669,2021-10-23-17:44:4,50.75
1670,2021-10-23-17:54:25,51.2
1671,2021-10-23-18:4:46,51.66
1672,2021-10-23-18:15:7,50.4
1673,2021-10-23-18:25:28,50.17
1674,2021-10-23-18:35:50,50.22
1675,2021-10-23-18:46:11,50.56
1676,2021-10-23-18:56:32,51.07
1677,2021-10-23-19:6:53,51.49
1678,2021-10-23-19:17:14,51.14
1679,2021-10-23-19:27:36,51.04
1680,2021-10-23-19:37:57,50.73
1681,2021-10-23-19:48:18,50.81
1682,2021-10-23-19:58:39,50.73
1683,2021-10-23-20:9:0,50.87
1684,2021-10-23-20:19:21,51.11
1685,2021-10-23-20:29:43,51.2
1686,2021-10-23-20:40:4,50.98
1687,2021-10-23-20:50:25,51.09
1688,2021-10-23-21:0:46,51.53
1689,2021-10-23-21:11:8,51.45
1690,2021-10-23-21:21:29,51.34
1691,2021-10-23-21:31:50,51.39
1692,2021-10-23-21:42:11,51.13
1693,2021-10-23-21:52:32,51.36
1694,2021-10-23-22:2:54,51.61
1695,2021-10-23-22:13:15,51.53
1696,2021-10-23-22:23:36,51.55
1697,2021-10-23-22:33:57,51.62
1698,2021-10-23-22:44:18,51.54
1699,2021-10-23-22:54:40,51.78
1700,2021-10-23-23:5:1,51.78
1701,2021-10-23-23:15:22,51.8
1702,2021-10-23-23:25:44,51.82
1703,2021-10-23-23:36:5,52.07
1704,2021-10-23-23:46:26,52.1
1705,2021-10-23-23:56:47,51.96
1706,2021-10-24-0:7:8,52.04
1707,2021-10-24-0:17:30,52.46
1708,2021-10-24-0:27:51,53.15
1709,2021-10-24-0:38:12,53.36
1710,2021-10-24-0:48:33,53.01
1711,2021-10-24-0:58:54,52.6
1712,2021-10-24-1:9:16,52.47
1713,2021-10-24-1:19:37,52.38
1714,2021-10-24-1:29:58,52.45
1715,2021-10-24-1:40:19,52.51
1716,2021-10-24-1:50:41,52.35
1717,2021-10-24-2:1:2,52.51
1718,2021-10-24-2:11:23,53.06
1719,2021-10-24-2:21:44,53.32
1720,2021-10-24-2:32:5,53.33
1721,2021-10-24-2:42:27,53.01
1722,2021-10-24-2:52:48,52.76
1723,2021-10-24-3:3:9,52.61
1724,2021-10-24-3:13:30,52.54
1725,2021-10-24-3:23:51,52.87
1726,2021-10-24-3:34:13,53.03
1727,2021-10-24-3:44:34,53.46
1728,2021-10-24-3:54:55,53.82
1729,2021-10-24-4:5:16,53.62
1730,2021-10-24-4:15:37,53.2
1731,2021-10-24-4:25:59,53.23
1732,2021-10-24-4:36:20,53.25
1733,2021-10-24-4:46:41,53.13
1734,2021-10-24-4:57:2,52.98
1735,2021-10-24-5:7:24,54.01
1736,2021-10-24-5:17:45,53.81
1737,2021-10-24-5:28:6,53.82
1738,2021-10-24-5:38:27,53.41
1739,2021-10-24-5:48:48,53.33
1740,2021-10-24-5:59:10,53.11
1741,2021-10-24-6:9:31,53.38
1742,2021-10-24-6:19:52,54.16
1743,2021-10-24-6:30:13,52.42
1744,2021-10-24-6:40:35,51.86
1745,2021-10-24-6:50:56,51.36
1746,2021-10-24-7:1:17,51.03
1747,2021-10-24-7:11:38,50.5
1748,2021-10-24-7:21:59,50.29
1749,2021-10-24-7:32:21,50.22
1750,2021-10-24-7:42:42,49.97
1751,2021-10-24-7:53:3,50.04
1752,2021-10-24-8:3:24,49.93
1753,2021-10-24-8:13:46,49.75
1754,2021-10-24-8:24:7,49.62
1755,2021-10-24-8:34:28,49.32
1756,2021-10-24-8:44:49,49.14
1757,2021-10-24-8:55:10,49.0
1758,2021-10-24-9:5:32,48.93
1759,2021-10-24-9:15:53,48.94
1760,2021-10-24-9:26:14,48.96
1761,2021-10-24-9:36:35,48.72
1762,2021-10-24-9:46:56,48.64
1763,2021-10-24-9:57:18,48.47
1764,2021-10-24-10:7:39,48.33
1765,2021-10-24-10:18:0,48.09
1766,2021-10-24-10:28:21,48.15
1767,2021-10-24-10:38:42,48.16
1768,2021-10-24-10:49:4,48.16
1769,2021-10-24-10:59:25,47.92
1770,2021-10-24-11:9:46,47.69
1771,2021-10-24-11:20:7,47.64
1772,2021-10-24-11:30:28,47.75
1773,2021-10-24-11:40:49,47.81
1774,2021-10-24-11:51:11,47.75
1775,2021-10-24-12:1:32,47.31
1776,2021-10-24-12:11:53,47.23
1777,2021-10-24-12:22:14,47.04
1778,2021-10-24-12:32:36,47.35
1779,2021-10-24-12:42:57,47.31
1780,2021-10-24-12:53:18,47.1
1781,2021-10-24-13:3:40,46.83
1782,2021-10-24-13:14:1,46.8
1783,2021-10-24-13:24:22,46.7
1784,2021-10-24-13:34:43,46.3
1785,2021-10-24-13:45:5,46.42
1786,2021-10-24-13:55:26,46.29
1787,2021-10-24-14:5:47,46.47
1788,2021-10-24-14:16:8,46.12
1789,2021-10-24-14:26:30,46.91
1790,2021-10-24-14:36:51,48.49
1791,2021-10-24-14:47:12,49.03
1792,2021-10-24-14:57:33,48.9
1793,2021-10-24-15:7:55,48.96
1794,2021-10-24-15:18:16,49.01
1795,2021-10-24-15:28:37,49.16
1796,2021-10-24-15:38:58,48.8
1797,2021-10-24-15:49:20,49.69
1798,2021-10-24-15:59:41,49.95
1799,2021-10-24-16:10:2,50.18
1800,2021-10-24-16:20:23,49.82
1801,2021-10-24-16:30:44,49.79
1802,2021-10-24-16:41:5,49.81
1803,2021-10-24-16:51:27,49.8
1804,2021-10-24-17:1:48,49.84
1805,2021-10-24-17:12:9,50.01
1806,2021-10-24-17:22:30,50.66
1807,2021-10-24-17:32:51,51.08
1808,2021-10-24-17:43:13,50.73
1809,2021-10-24-17:53:34,50.64
1810,2021-10-24-18:3:55,50.46
1811,2021-10-24-18:14:16,49.83
1812,2021-10-24-18:24:38,50.54
1813,2021-10-24-18:34:59,50.87
1814,2021-10-24-18:45:20,50.54
1815,2021-10-24-18:55:41,50.28
1816,2021-10-24-19:6:3,50.18
1817,2021-10-24-19:16:24,49.91
1818,2021-10-24-19:26:45,50.46
1819,2021-10-24-19:37:6,50.88
1820,2021-10-24-19:47:27,51.4
1821,2021-10-24-19:57:49,51.27
1822,2021-10-24-20:8:10,50.99
1823,2021-10-24-20:18:31,50.68
1824,2021-10-24-20:28:52,50.88
1825,2021-10-24-20:39:13,50.69
1826,2021-10-24-20:49:35,50.86
1827,2021-10-24-20:59:56,50.84
1828,2021-10-24-21:10:17,50.8
1829,2021-10-24-21:20:38,50.87
1830,2021-10-24-21:30:59,50.96
1831,2021-10-24-21:41:21,51.06
1832,2021-10-24-21:51:42,51.3
1833,2021-10-24-22:2:3,51.28
1834,2021-10-24-22:12:24,51.38
1835,2021-10-24-22:22:46,51.48
1836,2021-10-24-22:33:7,51.6
1837,2021-10-24-22:43:28,51.61
1838,2021-10-24-22:53:49,51.8
1839,2021-10-24-23:4:11,51.59
1840,2021-10-24-23:14:32,51.62
1841,2021-10-24-23:24:53,51.73
1842,2021-10-24-23:35:14,51.9
1843,2021-10-24-23:45:35,51.8
1844,2021-10-24-23:55:57,52.08
1845,2021-10-25-0:6:18,52.01
1846,2021-10-25-0:16:39,52.02
1847,2021-10-25-0:27:0,52.26
1848,2021-10-25-0:37:21,52.15
1849,2021-10-25-0:47:43,52.27
1850,2021-10-25-0:58:4,52.06
1851,2021-10-25-1:8:25,52.15
1852,2021-10-25-1:18:46,52.2
1853,2021-10-25-1:29:8,52.2
1854,2021-10-25-1:39:29,52.24
1855,2021-10-25-1:49:50,52.19
1856,2021-10-25-2:0:11,52.31
1857,2021-10-25-2:10:32,52.28
1858,2021-10-25-2:20:54,52.94
1859,2021-10-25-2:31:15,53.76
1860,2021-10-25-2:41:36,54.52
1861,2021-10-25-2:51:57,54.41
1862,2021-10-25-3:2:18,53.43
1863,2021-10-25-3:12:40,53.12
1864,2021-10-25-3:23:1,52.84
1865,2021-10-25-3:33:22,52.48
1866,2021-10-25-3:43:43,52.83
1867,2021-10-25-3:54:4,53.7
1868,2021-10-25-4:4:26,54.07
1869,2021-10-25-4:14:47,53.68
1870,2021-10-25-4:25:8,53.08
1871,2021-10-25-4:35:29,52.79
1872,2021-10-25-4:45:51,52.64
1873,2021-10-25-4:56:12,52.87
1874,2021-10-25-5:6:33,53.54
1875,2021-10-25-5:16:54,54.42
1876,2021-10-25-5:27:15,53.96
1877,2021-10-25-5:37:36,53.14
1878,2021-10-25-5:47:58,52.91
1879,2021-10-25-5:58:19,52.91
1880,2021-10-25-6:8:40,53.01
1881,2021-10-25-6:19:1,53.41
1882,2021-10-25-6:29:22,51.96
1883,2021-10-25-6:39:44,51.12
1884,2021-10-25-6:50:5,50.38
1885,2021-10-25-7:0:26,50.18
1886,2021-10-25-7:10:47,49.65
1887,2021-10-25-7:21:8,49.54
1888,2021-10-25-7:31:30,49.26
1889,2021-10-25-7:41:51,48.68
1890,2021-10-25-7:52:12,48.58
1891,2021-10-25-8:2:33,48.23
1892,2021-10-25-8:12:55,48.1
1893,2021-10-25-8:23:16,47.91
1894,2021-10-25-8:33:37,47.91
1895,2021-10-25-8:43:58,47.55
1896,2021-10-25-8:54:19,47.45
1897,2021-10-25-9:4:41,47.14
1898,2021-10-25-9:15:2,47.03
1899,2021-10-25-9:25:23,46.96
1900,2021-10-25-9:35:44,46.76
1901,2021-10-25-9:46:6,46.5
1902,2021-10-25-9:56:27,46.42
1903,2021-10-25-10:6:48,46.45
1904,2021-10-25-10:17:9,46.22
1905,2021-10-25-10:27:30,45.92
1906,2021-10-25-10:37:51,45.76
1907,2021-10-25-10:48:13,45.57
1908,2021-10-25-10:58:34,45.57
1909,2021-10-25-11:8:55,45.31
1910,2021-10-25-11:19:16,45.38
1911,2021-10-25-11:29:37,45.36
1912,2021-10-25-11:39:58,45.2
1913,2021-10-25-11:50:20,45.0
1914,2021-10-25-12:0:41,44.85
1915,2021-10-25-12:11:2,44.86
1916,2021-10-25-12:21:23,46.6
1917,2021-10-25-12:31:44,46.52
1918,2021-10-25-12:42:5,46.73
1919,2021-10-25-12:52:26,47.18
1920,2021-10-25-13:2:46,47.5
1921,2021-10-25-13:13:7,48.31
1922,2021-10-25-13:23:28,48.48
1923,2021-10-25-13:33:48,48.67
1924,2021-10-25-13:44:9,48.56
1925,2021-10-25-13:54:30,48.77
1926,2021-10-25-14:4:50,48.88
1927,2021-10-25-14:15:10,49.32
1928,2021-10-25-14:25:30,49.41
1929,2021-10-25-14:35:50,49.29
1930,2021-10-25-14:46:10,49.08
1931,2021-10-25-14:56:30,49.5
1932,2021-10-25-15:6:50,49.23
1933,2021-10-25-15:17:11,49.44
1934,2021-10-25-15:27:31,49.76
1935,2021-10-25-15:37:53,50.11
1936,2021-10-25-15:48:13,50.47
1937,2021-10-25-15:58:34,50.33
1938,2021-10-25-16:8:56,50.2
1939,2021-10-25-16:19:17,50.08
1940,2021-10-25-16:29:38,50.4
1941,2021-10-25-16:39:59,50.33
1942,2021-10-25-16:50:20,50.4
1943,2021-10-25-17:0:41,50.46
1944,2021-10-25-17:11:2,50.52
1945,2021-10-25-17:21:23,50.7
1946,2021-10-25-17:31:44,50.9
1947,2021-10-25-17:42:5,50.87
1948,2021-10-25-17:52:26,51.33
1949,2021-10-25-18:2:47,51.0
1950,2021-10-25-18:13:8,51.02
1951,2021-10-25-18:23:29,50.95
1952,2021-10-25-18:33:50,51.18
1953,2021-10-25-18:44:12,51.01
1954,2021-10-25-18:54:33,50.98
1955,2021-10-25-19:4:54,50.87
1956,2021-10-25-19:15:15,51.03
1957,2021-10-25-19:25:36,51.03
1958,2021-10-25-19:35:58,50.99
1959,2021-10-25-19:46:19,51.01
1960,2021-10-25-19:56:40,50.96
1961,2021-10-25-20:7:1,51.03
1962,2021-10-25-20:17:22,50.22
1963,2021-10-25-20:27:43,50.92
1964,2021-10-25-20:38:5,51.19
1965,2021-10-25-20:48:26,50.77
1966,2021-10-25-20:58:47,50.75
1967,2021-10-25-21:9:8,50.51
1968,2021-10-25-21:19:30,50.35
1969,2021-10-25-21:29:51,50.28
1970,2021-10-25-21:40:12,50.32
1971,2021-10-25-21:50:33,50.19
1972,2021-10-25-22:0:54,50.6
1973,2021-10-25-22:11:16,50.93
1974,2021-10-25-22:21:37,50.98
1975,2021-10-25-22:31:58,50.92
1976,2021-10-25-22:42:19,50.63
1977,2021-10-25-22:52:41,50.66
1978,2021-10-25-23:3:2,50.56
1979,2021-10-25-23:13:23,50.46
1980,2021-10-25-23:23:44,51.13
1981,2021-10-25-23:34:6,51.52
1982,2021-10-25-23:44:27,51.55
1983,2021-10-25-23:54:48,51.17
1984,2021-10-26-0:5:9,51.12
1985,2021-10-26-0:15:30,51.0
1986,2021-10-26-0:25:52,51.29
1987,2021-10-26-0:36:13,52.06
1988,2021-10-26-0:46:34,52.53
1989,2021-10-26-0:56:55,52.0
1990,2021-10-26-1:7:16,51.94
1991,2021-10-26-1:17:38,51.92
1992,2021-10-26-1:27:59,51.95
1993,2021-10-26-1:38:20,51.78
1994,2021-10-26-1:48:41,51.77
1995,2021-10-26-1:59:3,51.93
1996,2021-10-26-2:9:24,51.62
1997,2021-10-26-2:19:45,51.74
1998,2021-10-26-2:30:6,51.7
1999,2021-10-26-2:40:27,51.69
2000,2021-10-26-2:50:49,51.56
2001,2021-10-26-3:1:10,51.63
2002,2021-10-26-3:11:31,51.89
2003,2021-10-26-3:21:52,52.61
2004,2021-10-26-3:32:14,53.21
2005,2021-10-26-3:42:35,52.7
2006,2021-10-26-3:52:56,52.48
2007,2021-10-26-4:3:17,51.99
2008,2021-10-26-4:13:39,52.32
2009,2021-10-26-4:24:0,53.2
2010,2021-10-26-4:34:21,54.0
2011,2021-10-26-4:44:42,54.42
2012,2021-10-26-4:55:3,53.94
2013,2021-10-26-5:5:25,53.11
2014,2021-10-26-5:15:46,52.57
2015,2021-10-26-5:26:7,52.35
2016,2021-10-26-5:36:28,52.36
2017,2021-10-26-5:46:49,53.12
2018,2021-10-26-5:57:11,53.7
2019,2021-10-26-6:7:32,53.83
2020,2021-10-26-6:17:53,53.41
2021,2021-10-26-6:28:14,53.37
2022,2021-10-26-6:38:36,51.39
2023,2021-10-26-6:48:57,50.85
2024,2021-10-26-6:59:18,50.13
2025,2021-10-26-7:9:39,49.72
2026,2021-10-26-7:20:0,49.36
2027,2021-10-26-7:30:21,49.09
2028,2021-10-26-7:40:43,48.89
2029,2021-10-26-7:51:4,48.3
2030,2021-10-26-8:1:25,48.03
2031,2021-10-26-8:11:46,47.72
2032,2021-10-26-8:22:8,47.58
2033,2021-10-26-8:32:29,47.61
2034,2021-10-26-8:42:50,47.41
2035,2021-10-26-8:53:11,47.02
2036,2021-10-26-9:3:32,46.93
2037,2021-10-26-9:13:53,46.67
2038,2021-10-26-9:24:15,46.51
2039,2021-10-26-9:34:36,46.8
2040,2021-10-26-9:44:57,46.9
2041,2021-10-26-9:55:18,46.66
2042,2021-10-26-10:5:39,45.95
2043,2021-10-26-10:16:1,45.94
2044,2021-10-26-10:26:22,46.06
